6.5.314.4146,tux-console,65.78.139.216
6.5.314.4216,10.11.1.24,209.133.69.33
6.5.314.4216,101.110.58.147,101.110.58.147
6.5.314.4216,161.165.196.103,161.165.196.103
6.5.314.4216,161.165.196.105,161.165.196.105
6.5.314.4216,161.168.251.104,161.168.251.104
6.5.314.4216,172.16.113.129,38.103.193.2
6.5.314.4216,172.22.51.21,101.110.58.146
6.5.314.4216,172.22.51.21,101.110.58.147
6.5.314.4216,172.22.51.21,221.186.88.32
6.5.314.4216,183.77.228.104,183.77.228.104
6.5.314.4216,192.168.1.133,24.14.38.205
6.5.314.4216,192.168.1.152,71.220.112.103
6.5.314.4216,192.168.1.191,72.37.142.152
6.5.314.4216,198.241.159.80,198.241.159.80
6.5.314.4216,2008r2demodc,76.106.3.57
6.5.314.4216,221.186.88.32,221.186.88.32
6.5.314.4216,24.148.52.249,24.148.52.249
6.5.314.4216,68.134.5.118,68.134.5.118
6.5.314.4216,74.107.123.223,74.107.123.223
6.5.314.4216,bhihoumrt01,147.108.253.253
6.5.314.4216,bhihwwapp15,147.108.253.253
6.5.314.4216,localhost,164.144.252.26
6.5.314.4216,localhost,24.14.38.205
6.5.314.4216,nfxcdcpm1.newfield.com,199.48.82.194
6.5.314.4216,nfxcdcpm1.newfield.com,50.58.18.66
6.5.314.4216,tanium2012.test.joelab.com,71.220.69.74
6.5.314.4216,taniumsv.macnica.local,221.186.88.32
6.5.314.4216,tux-console,142.196.34.223
6.5.314.4216,tux-console,221.186.88.32
6.5.314.4216,tux-console,76.106.3.57
6.5.314.4216,wpv-ta1.corp.radioshack.net,108.171.132.165
6.5.314.4216,z12w214.masscash.net:8443,196.214.169.178
6.5.314.4216,z12w214.masscash.net:8443,41.13.182.19
6.5.314.4216,z12w214.masscash.net:8443,41.13.191.214
6.5.314.4225,126.114.221.114,126.114.221.114
6.5.314.4225,153.142.218.99,153.142.218.99
6.5.314.4225,index.html,126.114.221.114
6.5.314.4225,index.html,65.78.139.216
6.5.314.4225,localhost,65.78.139.216
6.5.314.4225,tbttsoim4d.hq.target.com,161.225.129.111
6.5.314.4225,tbttsoim4d.hq.target.com,24.118.11.8
6.5.314.4226,10.0.1.11,153.142.218.99
6.5.314.4226,10.11.1.24,209.133.69.33
6.5.314.4226,10.155.102.34,198.217.64.22
6.5.314.4226,10.180.20.180,69.174.58.52
6.5.314.4226,10.20.43.24,160.42.85.9
6.5.314.4226,10.254.25.36,208.7.160.68
6.5.314.4226,10.80.30.42,66.102.229.5
6.5.314.4226,10.80.30.42,68.90.16.2
6.5.314.4226,100.1.89.169,100.1.89.169
6.5.314.4226,100.40.86.147,100.40.86.147
6.5.314.4226,107.220.39.241,107.220.39.241
6.5.314.4226,12.10.219.220,12.10.219.220
6.5.314.4226,127.0.0.1,184.48.79.160
6.5.314.4226,153.142.218.99,153.142.218.99
6.5.314.4226,162.253.182.2,162.253.182.2
6.5.314.4226,166.171.251.74,166.171.251.74
6.5.314.4226,166.177.251.87,166.177.251.87
6.5.314.4226,172.16.0.100,76.26.146.186
6.5.314.4226,172.16.19.5,149.7.51.90
6.5.314.4226,172.16.19.5,151.237.232.130
6.5.314.4226,172.16.21.12,151.237.232.130
6.5.314.4226,172.16.21.12,86.187.124.219
6.5.314.4226,172.25.70.120,196.26.128.178
6.5.314.4226,174.34.205.49,174.34.205.49
6.5.314.4226,184.48.79.160,184.48.79.160
6.5.314.4226,192.0.218.156,192.0.218.156
6.5.314.4226,192.168.1.140,24.14.38.205
6.5.314.4226,192.168.1.140,66.189.224.25
6.5.314.4226,192.168.1.7,31.48.122.72
6.5.314.4226,192.168.1.7,81.129.252.130
6.5.314.4226,192.168.1.7,86.136.74.167
6.5.314.4226,192.168.101.10,76.97.160.126
6.5.314.4226,192.168.200.202,165.120.34.45
6.5.314.4226,192.168.221.61,75.68.34.184
6.5.314.4226,192.168.99.16,107.209.93.105
6.5.314.4226,196.25.238.142,196.25.238.142
6.5.314.4226,198.60.192.201,198.60.192.201
6.5.314.4226,204.152.239.219,204.152.239.219
6.5.314.4226,205.225.192.66,205.225.192.66
6.5.314.4226,208.105.44.162,208.105.44.162
6.5.314.4226,221.248.36.94,221.248.36.94
6.5.314.4226,24.136.224.189,24.136.224.189
6.5.314.4226,64.134.222.216,64.134.222.216
6.5.314.4226,65.78.139.216,65.78.139.216
6.5.314.4226,65.93.83.125,65.93.83.125
6.5.314.4226,66.102.229.3,66.102.229.3
6.5.314.4226,66.189.224.25,66.189.224.25
6.5.314.4226,68.231.131.127,68.231.131.127
6.5.314.4226,68.8.8.67,68.8.8.67
6.5.314.4226,68.90.16.2,68.90.16.2
6.5.314.4226,71.6.55.34,71.6.55.34
6.5.314.4226,72.76.131.98,72.76.131.98
6.5.314.4226,73.189.117.104,73.189.117.104
6.5.314.4226,75.171.140.249,75.171.140.249
6.5.314.4226,76.218.221.22,76.218.221.22
6.5.314.4226,98.200.189.5,98.200.189.5
6.5.314.4226,asc-hyperv001.ascnj.local,208.105.44.162
6.5.314.4226,d12sc1tnm1,66.102.229.3
6.5.314.4226,d12sc1tnm1.dallascounty.org,68.90.16.2
6.5.314.4226,dbts.db.lab,165.120.34.45
6.5.314.4226,dbts.db.lab,86.136.74.167
6.5.314.4226,dbts.db.lab,86.159.240.31
6.5.314.4226,dcpwapp220.root.sutterhealth.org,198.217.64.22
6.5.314.4226,demo5.tanium.com,100.40.36.109
6.5.314.4226,demo5.tanium.com,100.40.86.147
6.5.314.4226,demo5.tanium.com,107.209.93.105
6.5.314.4226,demo5.tanium.com,204.50.32.130
6.5.314.4226,demo5.tanium.com,64.128.215.142
6.5.314.4226,demo5.tanium.com,66.199.44.162
6.5.314.4226,demo5.tanium.com,66.69.244.101
6.5.314.4226,demo5.tanium.com,68.231.131.127
6.5.314.4226,demo5.tanium.com,72.37.142.152
6.5.314.4226,demo5.tanium.com,73.173.113.237
6.5.314.4226,demo5.tanium.com,75.68.34.184
6.5.314.4226,demo5.tanium.com,76.106.3.57
6.5.314.4226,demo5.tanium.com,98.200.189.5
6.5.314.4226,demo5.tanium.com,98.26.61.87
6.5.314.4226,ec1vaptnm211.corp.elmae,199.189.127.10
6.5.314.4226,ec1vaptnm211.corp.elmae,209.220.148.28
6.5.314.4226,ech,173.11.90.206
6.5.314.4226,ech01.tanium.com,98.210.220.173
6.5.314.4226,ho-tanium,196.23.141.131
6.5.314.4226,ho-tanium,41.162.50.142
6.5.314.4226,index.html,107.220.39.244
6.5.314.4226,index.html,172.13.113.52
6.5.314.4226,index.html,196.25.238.142
6.5.314.4226,index.html,199.48.82.194
6.5.314.4226,index.html,24.136.224.189
6.5.314.4226,index.html,63.247.127.28
6.5.314.4226,index.html,64.202.248.1
6.5.314.4226,index.html,65.93.83.125
6.5.314.4226,index.html,69.138.85.126
6.5.314.4226,index.html,71.68.105.208
6.5.314.4226,index.html,73.189.117.104
6.5.314.4226,index.html,75.138.13.209
6.5.314.4226,localhost,151.237.232.130
6.5.314.4226,localhost,162.253.182.2
6.5.314.4226,localhost,184.48.79.160
6.5.314.4226,localhost,204.152.239.219
6.5.314.4226,localhost,221.248.36.94
6.5.314.4226,localhost,68.231.131.127
6.5.314.4226,localhost,71.68.105.208
6.5.314.4226,localhost:444,75.138.13.209
6.5.314.4226,lvs1-siotan-01.paypalcorp.com,216.113.160.67
6.5.314.4226,malware99.asuscomm.com,151.237.232.130
6.5.314.4226,malware99.asuscomm.com,165.120.9.21
6.5.314.4226,malware99.asuscomm.com,85.255.232.3
6.5.314.4226,malware99.asuscomm.com,86.159.240.31
6.5.314.4226,nfxcdcpm1.newfield.com,199.48.82.194
6.5.314.4226,nfxcdcpm1.newfield.com,50.58.18.66
6.5.314.4226,seskwtanimpoc01.emea.astrazeneca.net,165.225.68.61
6.5.314.4226,sirtapp11.homeoffice.wal-mart.com,161.168.251.101
6.5.314.4226,sirtapp11.homeoffice.wal-mart.com,161.168.251.104
6.5.314.4226,tanium-svr,68.7.117.186
6.5.314.4226,tanium-svr,68.8.8.67
6.5.314.4226,tanium.dedicated.co.za,41.75.99.2
6.5.314.4226,tanium.hireright.com,193.37.237.74
6.5.314.4226,tanium.hireright.com,204.248.204.5
6.5.314.4226,tanium.moranit.com,72.204.76.135
6.5.314.4226,tanium.networkbaksa.com,24.55.131.69
6.5.314.4226,tanium2.shawn.local,174.29.211.175
6.5.314.4226,tanium2.shawn.local,97.118.17.16
6.5.314.4226,tanium65,73.217.9.102
6.5.314.4226,tanium65-2,73.217.9.102
6.5.314.4226,taniumserver,153.142.218.99
6.5.314.4226,tbttsoim4d.hq.target.com,24.118.11.8
6.5.314.4226,tnm1-bld-bj3v,197.96.172.70
6.5.314.4226,ts1.test.taniumlab.vlan,71.68.105.208
6.5.314.4226,tsrv,69.138.85.126
6.5.314.4226,tux-console,100.40.86.147
6.5.314.4226,tux-console,172.13.113.52
6.5.314.4226,tux-console,198.60.192.201
6.5.314.4226,tux-console,198.60.192.204
6.5.314.4226,tux-console,204.152.239.219
6.5.314.4226,tux-console,221.248.36.94
6.5.314.4226,tux-console,67.182.217.246
6.5.314.4226,tux-console,73.192.135.52
6.5.314.4226,tux-console,76.218.221.22
6.5.314.4226,tux-console,81.129.252.130
6.5.314.4226,tux-console,86.136.74.167
6.5.314.4226,tux-console,97.118.17.16
6.5.314.4226,w2k12-tanium.home.local,75.68.34.184
6.5.314.4226,w9tvap1059.giolab.local,204.194.143.29
6.5.314.4226,win2012r2-1.shawn.local,75.171.140.249
6.5.314.4226,wpv-ta1.corp.radioshack.net,108.171.132.165
6.5.314.4232,98.27.52.232,98.27.52.232
6.5.314.4233,127.0.0.1,64.128.215.142
6.5.314.4233,172.16.45.127,64.128.215.142
6.5.314.4233,localhost,64.128.215.142
6.5.314.4234,127.0.0.1,64.128.215.142
6.5.314.4234,64.128.215.142,64.128.215.142
6.5.314.4234,index.html,75.138.13.209
6.5.314.4234,tanium.moranit.com,72.204.76.135
6.5.314.4235,100.40.86.147,100.40.86.147
6.5.314.4235,107.209.93.105,107.209.93.105
6.5.314.4235,172.16.254.128,108.194.226.100
6.5.314.4235,192.168.0.118,162.205.24.121
6.5.314.4235,192.168.99.16,107.209.93.105
6.5.314.4235,98.210.86.190,98.210.86.190
6.5.314.4235,98.27.52.232,98.27.52.232
6.5.314.4235,index.html,107.209.93.105
6.5.314.4235,index.html,75.138.13.209
6.5.314.4235,taniumstl.ddns.net,75.132.17.14
6.5.314.4235,tux-console,100.40.86.147
6.5.314.4235,tux-console,108.194.226.100
6.5.314.4236,10.0.1.10,68.8.8.67
6.5.314.4236,10.0.1.63,76.106.3.57
6.5.314.4236,10.11.1.24,73.136.179.107
6.5.314.4236,10.110.39.105,206.83.48.110
6.5.314.4236,10.113.167.9,104.129.192.61
6.5.314.4236,10.132.102.111,108.171.132.166
6.5.314.4236,10.132.102.111,80.254.155.99
6.5.314.4236,10.145.30.66,171.159.64.10,10.145.30.66,171.159.64.10
6.5.314.4236,10.148.177.74,165.233.53.86
6.5.314.4236,10.180.20.180,69.174.58.52
6.5.314.4236,10.2.9.6,147.108.253.253
6.5.314.4236,10.20.43.24,160.42.85.9
6.5.314.4236,10.216.179.93,198.176.190.242
6.5.314.4236,10.254.115.14,38.88.246.74
6.5.314.4236,10.28.34.20,199.173.226.236,10.28.34.20,199.173.226.236
6.5.314.4236,10.44.90.172,164.82.32.13
6.5.314.4236,10.50.0.14,208.87.234.202
6.5.314.4236,10.64.70.45,204.152.235.219
6.5.314.4236,10.64.70.45,204.152.239.219
6.5.314.4236,10.80.30.42,68.90.16.2
6.5.314.4236,100.1.89.169,100.1.89.169
6.5.314.4236,100.40.86.147,100.40.86.147
6.5.314.4236,104.129.196.71,104.129.196.71
6.5.314.4236,104.129.196.79,104.129.196.79
6.5.314.4236,104.129.196.81,104.129.196.81
6.5.314.4236,104.129.196.84,104.129.196.84
6.5.314.4236,104.41.159.86,104.41.159.86
6.5.314.4236,106.141.139.221,106.141.139.221
6.5.314.4236,107.10.18.77,107.10.18.77
6.5.314.4236,107.220.39.241,107.220.39.241
6.5.314.4236,107.220.39.244,107.220.39.244
6.5.314.4236,108.194.226.100,108.194.226.100
6.5.314.4236,108.35.42.134,108.35.42.134
6.5.314.4236,108.48.192.168,108.48.192.168
6.5.314.4236,114.147.133.107,114.147.133.107
6.5.314.4236,118.240.152.235,118.240.152.235
6.5.314.4236,119.72.195.68,119.72.195.68
6.5.314.4236,12.10.219.220,12.10.219.220
6.5.314.4236,12.10.219.221,12.10.219.221
6.5.314.4236,12.10.219.223,12.10.219.223
6.5.314.4236,12.10.219.224,12.10.219.224
6.5.314.4236,12.10.219.225,12.10.219.225
6.5.314.4236,12.10.219.226,12.10.219.226
6.5.314.4236,12.10.219.227,12.10.219.227
6.5.314.4236,12.183.219.199,12.183.219.199
6.5.314.4236,12.237.146.4,12.237.146.4
6.5.314.4236,12.238.56.12,12.238.56.12
6.5.314.4236,126.174.11.130,126.174.11.130
6.5.314.4236,126.205.159.166,126.205.159.166
6.5.314.4236,126.236.7.198,126.236.7.198
6.5.314.4236,126.248.13.127,126.248.13.127
6.5.314.4236,126.253.78.220,126.253.78.220
6.5.314.4236,126.254.141.68,126.254.141.68
6.5.314.4236,127.0.0.1,166.170.38.134
6.5.314.4236,127.0.0.1,166.170.41.238
6.5.314.4236,127.0.0.1,173.73.55.176
6.5.314.4236,127.0.0.1,184.48.79.18
6.5.314.4236,127.0.0.1,66.78.217.138
6.5.314.4236,127.0.0.1:4444,159.45.129.16
6.5.314.4236,127.0.0.1:4444,159.45.129.17
6.5.314.4236,127.0.0.1:4444,159.45.129.19
6.5.314.4236,127.0.0.1:4446,159.45.129.17
6.5.314.4236,127.0.0.1:4446,159.45.71.19
6.5.314.4236,131.248.117.224,125.206.201.225
6.5.314.4236,131.248.117.224,61.120.50.97
6.5.314.4236,132.146.196.238,132.146.196.238
6.5.314.4236,137.200.0.109,137.200.0.109
6.5.314.4236,137.200.0.112,137.200.0.112
6.5.314.4236,14.3.159.24,14.3.159.24
6.5.314.4236,140.168.135.1,140.168.135.1
6.5.314.4236,140.168.79.1,140.168.79.1
6.5.314.4236,143.215.32.86,143.215.32.86
6.5.314.4236,147.108.253.252,147.108.253.252
6.5.314.4236,147.108.253.253,147.108.253.253
6.5.314.4236,153.142.218.99,153.142.218.99
6.5.314.4236,153.202.238.42,153.202.238.42
6.5.314.4236,159.79.151.128,206.200.253.205
6.5.314.4236,160.87.112.26,160.87.112.26
6.5.314.4236,161.165.196.102,161.165.196.102
6.5.314.4236,161.165.196.103,161.165.196.103
6.5.314.4236,161.165.196.104,161.165.196.104
6.5.314.4236,161.165.196.105,161.165.196.105
6.5.314.4236,161.168.251.101,161.168.251.101
6.5.314.4236,161.168.251.102,161.168.251.102
6.5.314.4236,161.168.251.103,161.168.251.103
6.5.314.4236,161.168.251.104,161.168.251.104
6.5.314.4236,161.168.251.105,161.168.251.105
6.5.314.4236,162.253.182.2,162.253.182.2
6.5.314.4236,162.253.182.4,162.253.182.4
6.5.314.4236,164.144.248.26,164.144.248.26
6.5.314.4236,164.144.248.27,164.144.248.27
6.5.314.4236,164.144.248.28,164.144.248.28
6.5.314.4236,164.144.252.26,164.144.252.26
6.5.314.4236,164.144.252.28,164.144.252.28
6.5.314.4236,164.144.252.29,164.144.252.29
6.5.314.4236,165.156.24.10,165.156.24.10
6.5.314.4236,166.177.251.15,166.177.251.15
6.5.314.4236,172.16.0.100,76.26.146.186
6.5.314.4236,172.16.113.129,207.235.39.74
6.5.314.4236,172.16.113.129,38.103.193.2
6.5.314.4236,172.16.113.129,98.200.189.5
6.5.314.4236,172.16.19.5,151.237.232.130
6.5.314.4236,172.16.19.5,95.148.194.134
6.5.314.4236,172.16.192.238,166.170.42.174
6.5.314.4236,172.16.192.238,184.48.79.87
6.5.314.4236,172.16.21.12,172.74.88.168
6.5.314.4236,172.16.21.12,184.48.79.57
6.5.314.4236,172.16.21.12,64.128.215.142
6.5.314.4236,172.16.21.12,99.109.185.186
6.5.314.4236,172.16.212.149,64.134.222.216
6.5.314.4236,172.16.212.149,75.68.34.184
6.5.314.4236,172.16.214.128,173.57.81.65
6.5.314.4236,172.16.214.128,64.134.222.216
6.5.314.4236,172.16.214.128,70.198.136.210
6.5.314.4236,172.16.254.128,108.194.226.100
6.5.314.4236,172.16.52.128,184.48.79.220
6.5.314.4236,172.16.52.128,76.26.146.186
6.5.314.4236,172.16.87.155,70.214.7.134
6.5.314.4236,172.22.51.21,101.110.58.146
6.5.314.4236,172.22.51.21,221.186.88.32
6.5.314.4236,172.25.70.120,196.26.128.178
6.5.314.4236,173.73.61.60,173.73.61.60
6.5.314.4236,173.74.114.141,173.74.114.141
6.5.314.4236,173.8.117.193,173.8.117.193
6.5.314.4236,173.95.178.117,173.95.178.117
6.5.314.4236,174.29.211.175,174.29.211.175
6.5.314.4236,175.136.213.62,175.136.213.62
6.5.314.4236,184.48.79.169,184.48.79.169
6.5.314.4236,184.48.79.220,184.48.79.220
6.5.314.4236,184.48.79.78,184.48.79.78
6.5.314.4236,184.48.79.87,184.48.79.87
6.5.314.4236,192.0.218.156,192.0.218.156
6.5.314.4236,192.0.219.110,192.0.219.110
6.5.314.4236,192.168.1.201,108.48.192.168
6.5.314.4236,192.168.1.50,81.129.252.130
6.5.314.4236,192.168.1.8,31.48.122.72
6.5.314.4236,192.168.1.8,81.129.252.130
6.5.314.4236,192.168.1.92,73.217.9.102
6.5.314.4236,192.168.100.199,166.170.38.134
6.5.314.4236,192.168.100.199,166.171.250.174
6.5.314.4236,192.168.100.199,166.177.122.90
6.5.314.4236,192.168.100.199,74.138.48.21
6.5.314.4236,192.168.101.10,173.160.86.145
6.5.314.4236,192.168.101.10,64.134.222.216
6.5.314.4236,192.168.101.10,70.193.48.201
6.5.314.4236,192.168.101.10,70.214.8.54
6.5.314.4236,192.168.101.10,76.97.160.126
6.5.314.4236,192.168.101.201,108.48.192.168
6.5.314.4236,192.168.101.201,64.134.222.216
6.5.314.4236,192.168.101.201,70.192.193.134
6.5.314.4236,192.168.101.201,70.192.241.218
6.5.314.4236,192.168.101.201,70.214.7.77
6.5.314.4236,192.168.134.136,66.78.217.138
6.5.314.4236,192.168.198.10,64.128.215.142
6.5.314.4236,192.168.249.11,64.134.222.216
6.5.314.4236,192.168.249.137,24.114.99.0
6.5.314.4236,192.168.39.120,76.218.221.22
6.5.314.4236,192.168.39.41,76.218.221.22
6.5.314.4236,192.168.42.11,64.128.215.142
6.5.314.4236,192.168.7.50,119.225.153.210
6.5.314.4236,192.168.7.50,173.11.90.206
6.5.314.4236,192.168.7.50,184.48.79.232
6.5.314.4236,192.168.7.50,220.244.107.147
6.5.314.4236,192.168.7.50,64.134.235.41
6.5.314.4236,192.168.99.16,107.209.93.105
6.5.314.4236,192.168.99.16,12.130.117.100
6.5.314.4236,192.168.99.16,12.27.2.2
6.5.314.4236,192.168.99.16,64.134.222.216
6.5.314.4236,192.168.99.71,70.214.16.53
6.5.314.4236,192.234.111.8,192.234.111.8
6.5.314.4236,196.25.238.142,196.25.238.142
6.5.314.4236,198.176.190.242,198.176.190.242
6.5.314.4236,198.241.159.80,198.241.159.80
6.5.314.4236,199.168.151.104,199.168.151.104
6.5.314.4236,199.168.151.106,199.168.151.106
6.5.314.4236,199.168.151.38,199.168.151.38
6.5.314.4236,199.173.224.30,199.173.224.30
6.5.314.4236,199.173.224.31,199.173.224.31
6.5.314.4236,199.173.225.33,199.173.225.33
6.5.314.4236,199.173.226.235,199.173.226.235
6.5.314.4236,199.89.103.17,199.89.103.17
6.5.314.4236,2008r2demodc.demo.local,162.253.182.2
6.5.314.4236,204.194.143.30,204.194.143.30
6.5.314.4236,205.225.192.66,205.225.192.66
6.5.314.4236,206.210.27.33,206.210.27.33
6.5.314.4236,207.235.39.74,207.235.39.74
6.5.314.4236,207.242.201.4,207.242.201.4
6.5.314.4236,208.87.234.202,208.87.234.202
6.5.314.4236,209.21.116.113,209.21.116.113
6.5.314.4236,216.191.105.146,216.191.105.146
6.5.314.4236,216.203.5.209,216.203.0.238
6.5.314.4236,220.244.107.147,220.244.107.147
6.5.314.4236,221.186.88.32,221.186.88.32
6.5.314.4236,222.228.170.157,222.228.170.157
6.5.314.4236,23.99.89.62,23.99.89.62
6.5.314.4236,24.116.247.143,24.116.247.143
6.5.314.4236,24.136.224.189,24.136.224.189
6.5.314.4236,24.185.254.244,24.185.254.244
6.5.314.4236,38.125.121.5,38.125.121.5
6.5.314.4236,50.241.29.70,50.241.29.70
6.5.314.4236,50.255.13.5,50.255.13.5
6.5.314.4236,50.78.39.5,50.78.39.5
6.5.314.4236,54.186.244.151,54.186.244.151
6.5.314.4236,64.134.222.216,64.134.222.216
6.5.314.4236,66.108.81.2,66.108.81.2
6.5.314.4236,66.188.28.178,66.188.28.178
6.5.314.4236,66.250.5.66,66.250.5.66
6.5.314.4236,66.26.240.59,66.26.240.59
6.5.314.4236,66.57.63.25,66.57.63.25
6.5.314.4236,66.62.204.66,66.62.204.66
6.5.314.4236,67.6.166.165,67.6.166.165
6.5.314.4236,68.134.5.118,68.134.5.118
6.5.314.4236,68.8.8.67,68.8.8.67
6.5.314.4236,69.146.9.114,69.146.9.114
6.5.314.4236,69.242.201.116,69.242.201.116
6.5.314.4236,70.125.143.27,70.125.143.27
6.5.314.4236,70.197.208.85,70.197.208.85
6.5.314.4236,70.197.5.38,70.197.5.38
6.5.314.4236,70.199.137.38,70.199.137.38
6.5.314.4236,71.163.29.231,71.163.29.231
6.5.314.4236,71.189.63.208,71.189.63.208
6.5.314.4236,71.220.112.103,71.220.112.103
6.5.314.4236,72.190.124.62,72.190.124.62
6.5.314.4236,72.204.76.135,72.204.76.135
6.5.314.4236,72.226.113.68,72.226.113.68
6.5.314.4236,72.5.190.133,72.5.190.133
6.5.314.4236,72.76.131.98,72.76.131.98
6.5.314.4236,73.136.179.107,73.136.179.107
6.5.314.4236,73.189.117.104,73.189.117.104
6.5.314.4236,73.190.109.149,73.190.109.149
6.5.314.4236,75.166.52.247,75.166.52.247
6.5.314.4236,75.166.58.220,75.166.58.220
6.5.314.4236,75.171.153.117,75.171.153.117
6.5.314.4236,75.68.34.184,75.68.34.184
6.5.314.4236,76.106.3.57,76.106.3.57
6.5.314.4236,76.218.221.22,76.218.221.22
6.5.314.4236,95.172.74.83,95.172.74.83
6.5.314.4236,98.169.146.162,98.169.146.162
6.5.314.4236,98.200.189.5,98.200.189.5
6.5.314.4236,ag-tanium-s01,72.76.131.98
6.5.314.4236,ag-tanium-s01.agconsulting.local,72.76.131.98
6.5.314.4236,ag-tanium-s02.agconsulting.local,72.76.131.98
6.5.314.4236,ag-tanium65.agconsulting.local,72.76.131.98
6.5.314.4236,ag-taniumsvr.taniumdemo.local,75.104.70.249
6.5.314.4236,aj-demo,173.79.161.189
6.5.314.4236,aj-demo,217.194.71.130
6.5.314.4236,aj-demo,64.134.222.216
6.5.314.4236,app.tanium.local,216.3.171.26
6.5.314.4236,app.tanium.local,63.248.237.202
6.5.314.4236,app01:446,24.55.131.69
6.5.314.4236,atltaniumpoc,104.129.194.65
6.5.314.4236,atltaniumpoc,173.231.116.62
6.5.314.4236,atltaniumpoc,173.246.14.110
6.5.314.4236,atltaniumpoc,24.185.254.244
6.5.314.4236,awo-win-tanium,54.186.244.151
6.5.314.4236,axkic128.fhb.net,63.175.79.5
6.5.314.4236,bhihwwapp15,147.108.253.253
6.5.314.4236,bhihwwapp15.ent.bhicorp.com,147.108.253.252
6.5.314.4236,bhihwwapp15.ent.bhicorp.com,147.108.253.253
6.5.314.4236,chdlg.1dc.com:8443,204.194.141.30
6.5.314.4236,chdlg.1dc.com:8443,204.194.143.29
6.5.314.4236,chdlg.1dc.com:8443,204.194.143.30
6.5.314.4236,cnndcadtp001.nndc.kp.org,162.119.128.140
6.5.314.4236,cnndcadtp002.nndc.kp.org,162.119.128.140
6.5.314.4236,d12sc1tnm1.dallascounty.org,66.102.229.3
6.5.314.4236,d12sc1tnm1.dallascounty.org,68.90.16.2
6.5.314.4236,d1w1046g,71.96.124.12
6.5.314.4236,dbtanium.db.lab,165.120.13.182
6.5.314.4236,dbtanium.db.lab,31.48.122.72
6.5.314.4236,dbts.db.lab,165.120.34.45
6.5.314.4236,dc01.tanium.local,76.106.3.57
6.5.314.4236,dc1.homelab.securalab.com,76.26.146.186
6.5.314.4236,dcpwapp220.root.sutterhealth.org,198.217.64.22
6.5.314.4236,demo5.tanium.com,1.136.96.18
6.5.314.4236,demo5.tanium.com,100.1.89.169
6.5.314.4236,demo5.tanium.com,101.170.127.241
6.5.314.4236,demo5.tanium.com,106.143.155.158
6.5.314.4236,demo5.tanium.com,107.10.18.77
6.5.314.4236,demo5.tanium.com,107.220.39.241
6.5.314.4236,demo5.tanium.com,114.147.133.107
6.5.314.4236,demo5.tanium.com,119.72.194.97
6.5.314.4236,demo5.tanium.com,12.27.2.2
6.5.314.4236,demo5.tanium.com,126.155.58.16
6.5.314.4236,demo5.tanium.com,126.250.137.64
6.5.314.4236,demo5.tanium.com,153.142.218.99
6.5.314.4236,demo5.tanium.com,161.11.124.50
6.5.314.4236,demo5.tanium.com,162.253.182.2
6.5.314.4236,demo5.tanium.com,166.170.51.140
6.5.314.4236,demo5.tanium.com,173.57.81.65
6.5.314.4236,demo5.tanium.com,173.73.61.60
6.5.314.4236,demo5.tanium.com,174.29.211.175
6.5.314.4236,demo5.tanium.com,184.48.79.22
6.5.314.4236,demo5.tanium.com,192.0.219.110
6.5.314.4236,demo5.tanium.com,192.30.117.114
6.5.314.4236,demo5.tanium.com,198.176.208.80
6.5.314.4236,demo5.tanium.com,198.208.72.253
6.5.314.4236,demo5.tanium.com,199.38.154.9
6.5.314.4236,demo5.tanium.com,207.11.113.29
6.5.314.4236,demo5.tanium.com,207.140.191.1
6.5.314.4236,demo5.tanium.com,216.149.213.159
6.5.314.4236,demo5.tanium.com,24.136.224.189
6.5.314.4236,demo5.tanium.com,24.14.240.16
6.5.314.4236,demo5.tanium.com,24.14.38.205
6.5.314.4236,demo5.tanium.com,24.229.127.194
6.5.314.4236,demo5.tanium.com,38.103.193.254
6.5.314.4236,demo5.tanium.com,38.109.208.88
6.5.314.4236,demo5.tanium.com,4.16.8.70
6.5.314.4236,demo5.tanium.com,50.241.29.70
6.5.314.4236,demo5.tanium.com,50.255.13.5
6.5.314.4236,demo5.tanium.com,63.232.3.122
6.5.314.4236,demo5.tanium.com,63.248.237.202
6.5.314.4236,demo5.tanium.com,63.85.68.150
6.5.314.4236,demo5.tanium.com,64.128.215.142
6.5.314.4236,demo5.tanium.com,64.134.128.118
6.5.314.4236,demo5.tanium.com,64.134.222.205
6.5.314.4236,demo5.tanium.com,64.141.193.30
6.5.314.4236,demo5.tanium.com,65.78.139.216
6.5.314.4236,demo5.tanium.com,65.93.83.125
6.5.314.4236,demo5.tanium.com,66.57.63.25
6.5.314.4236,demo5.tanium.com,66.69.244.101
6.5.314.4236,demo5.tanium.com,67.188.222.56
6.5.314.4236,demo5.tanium.com,67.6.166.165
6.5.314.4236,demo5.tanium.com,68.231.131.127
6.5.314.4236,demo5.tanium.com,68.8.8.67
6.5.314.4236,demo5.tanium.com,70.196.13.165
6.5.314.4236,demo5.tanium.com,70.197.6.1
6.5.314.4236,demo5.tanium.com,70.197.71.76
6.5.314.4236,demo5.tanium.com,70.215.195.128
6.5.314.4236,demo5.tanium.com,70.29.6.172
6.5.314.4236,demo5.tanium.com,71.198.110.201
6.5.314.4236,demo5.tanium.com,71.198.172.120
6.5.314.4236,demo5.tanium.com,71.211.197.199
6.5.314.4236,demo5.tanium.com,73.173.112.134
6.5.314.4236,demo5.tanium.com,73.173.113.237
6.5.314.4236,demo5.tanium.com,73.192.135.52
6.5.314.4236,demo5.tanium.com,73.202.118.236
6.5.314.4236,demo5.tanium.com,73.225.0.50
6.5.314.4236,demo5.tanium.com,73.6.96.24
6.5.314.4236,demo5.tanium.com,75.68.34.184
6.5.314.4236,demo5.tanium.com,76.26.146.186
6.5.314.4236,demo5.tanium.com,81.129.252.130
6.5.314.4236,demo5.tanium.com,97.118.17.16
6.5.314.4236,demo5.tanium.com,98.179.132.178
6.5.314.4236,demo5.tanium.com,98.200.189.5
6.5.314.4236,e0mtanap01.us.saas,209.208.226.4
6.5.314.4236,ec1vaptnm211.corp.elmae,104.129.192.109
6.5.314.4236,ec1vaptnm211.corp.elmae,104.129.192.86
6.5.314.4236,ec1vaptnm211.corp.elmae,199.189.127.1
6.5.314.4236,ec1vaptnm211.corp.elmae,199.189.127.10
6.5.314.4236,ec1vaptnm211.corp.elmae,209.220.148.28
6.5.314.4236,ech01.tanium.com,98.210.220.173
6.5.314.4236,elkg-mrt-pre1.tgrc.cargill.com,167.136.142.164
6.5.314.4236,elkg-mrt-pre1.tgrc.cargill.com,167.136.242.165
6.5.314.4236,gaxgpap501sr.sarctest.southernco.com,146.126.61.241
6.5.314.4236,giesslabtan01,192.234.111.8
6.5.314.4236,giesslabtan01.pharma.aventis.com,192.234.111.8
6.5.314.4236,hhvdbtant01,206.83.48.110
6.5.314.4236,higtanium.hig.net,204.88.30.34
6.5.314.4236,higtanium.hig.net,65.115.137.2
6.5.314.4236,ho-tanium,196.23.141.131
6.5.314.4236,ho-tanium,41.162.50.142
6.5.314.4236,ho-tanium.za.illovo.net,196.23.141.131
6.5.314.4236,index.html,100.1.89.169
6.5.314.4236,index.html,105.210.140.249
6.5.314.4236,index.html,107.209.93.105
6.5.314.4236,index.html,107.220.39.244
6.5.314.4236,index.html,108.48.192.168
6.5.314.4236,index.html,118.240.152.235
6.5.314.4236,index.html,125.206.201.225
6.5.314.4236,index.html,153.142.218.99
6.5.314.4236,index.html,162.253.182.2
6.5.314.4236,index.html,162.253.182.4
6.5.314.4236,index.html,165.233.53.86
6.5.314.4236,index.html,166.175.186.70
6.5.314.4236,index.html,172.73.22.142
6.5.314.4236,index.html,184.48.79.87
6.5.314.4236,index.html,198.176.189.201
6.5.314.4236,index.html,207.235.39.74
6.5.314.4236,index.html,211.19.55.144
6.5.314.4236,index.html,221.248.36.94
6.5.314.4236,index.html,24.116.247.143
6.5.314.4236,index.html,24.4.106.211
6.5.314.4236,index.html,38.88.246.74
6.5.314.4236,index.html,41.160.229.244
6.5.314.4236,index.html,50.78.39.5
6.5.314.4236,index.html,61.120.50.97
6.5.314.4236,index.html,63.241.252.2
6.5.314.4236,index.html,63.247.127.28
6.5.314.4236,index.html,64.134.222.216
6.5.314.4236,index.html,65.78.139.216
6.5.314.4236,index.html,65.93.83.125
6.5.314.4236,index.html,66.108.91.50
6.5.314.4236,index.html,66.64.86.10
6.5.314.4236,index.html,69.138.85.126
6.5.314.4236,index.html,69.195.213.81
6.5.314.4236,index.html,69.195.233.230
6.5.314.4236,index.html,69.242.201.116
6.5.314.4236,index.html,70.196.11.198
6.5.314.4236,index.html,70.196.142.37
6.5.314.4236,index.html,70.29.6.172
6.5.314.4236,index.html,70.29.7.102
6.5.314.4236,index.html,72.172.189.180
6.5.314.4236,index.html,72.76.131.98
6.5.314.4236,index.html,73.6.96.24
6.5.314.4236,index.html,74.138.48.21
6.5.314.4236,index.html,75.68.34.184
6.5.314.4236,index.html,76.100.116.208
6.5.314.4236,index.html,76.106.3.57
6.5.314.4236,index.html,76.64.196.96
6.5.314.4236,index.html,76.64.197.158
6.5.314.4236,index.html,97.77.29.2
6.5.314.4236,index.html,98.210.220.173
6.5.314.4236,irvtnmpoc,216.31.211.11
6.5.314.4236,lg.1dc.com:8443,204.194.141.29
6.5.314.4236,lg.1dc.com:8443,204.194.141.30
6.5.314.4236,lg.1dc.com:8443,204.194.143.29
6.5.314.4236,lg.1dc.com:8443,204.194.143.30
6.5.314.4236,localhost,100.40.86.147
6.5.314.4236,localhost,104.129.192.104
6.5.314.4236,localhost,104.41.159.86
6.5.314.4236,localhost,107.209.93.105
6.5.314.4236,localhost,12.130.117.100
6.5.314.4236,localhost,12.149.174.11
6.5.314.4236,localhost,12.149.174.13
6.5.314.4236,localhost,138.69.160.1
6.5.314.4236,localhost,147.108.253.252
6.5.314.4236,localhost,151.237.232.130
6.5.314.4236,localhost,161.225.196.111
6.5.314.4236,localhost,162.253.182.2
6.5.314.4236,localhost,165.225.68.61
6.5.314.4236,localhost,165.233.53.86
6.5.314.4236,localhost,166.177.249.123
6.5.314.4236,localhost,173.73.61.60
6.5.314.4236,localhost,174.108.105.208
6.5.314.4236,localhost,174.79.171.227
6.5.314.4236,localhost,184.152.88.50
6.5.314.4236,localhost,184.48.79.107
6.5.314.4236,localhost,184.48.79.173
6.5.314.4236,localhost,184.48.79.177
6.5.314.4236,localhost,184.48.79.99
6.5.314.4236,localhost,192.249.47.201
6.5.314.4236,localhost,198.176.189.201
6.5.314.4236,localhost,204.152.239.219
6.5.314.4236,localhost,206.200.251.190
6.5.314.4236,localhost,206.213.209.32
6.5.314.4236,localhost,206.213.251.32
6.5.314.4236,localhost,207.228.103.178
6.5.314.4236,localhost,207.235.39.74
6.5.314.4236,localhost,209.208.226.4
6.5.314.4236,localhost,216.203.5.209
6.5.314.4236,localhost,216.203.5.248
6.5.314.4236,localhost,216.3.171.26
6.5.314.4236,localhost,216.48.127.130
6.5.314.4236,localhost,217.194.71.130
6.5.314.4236,localhost,221.248.36.94
6.5.314.4236,localhost,24.249.183.163
6.5.314.4236,localhost,38.103.193.254
6.5.314.4236,localhost,64.128.215.142
6.5.314.4236,localhost,64.134.222.216
6.5.314.4236,localhost,64.79.144.10
6.5.314.4236,localhost,65.112.92.66
6.5.314.4236,localhost,65.78.139.216
6.5.314.4236,localhost,66.102.229.3
6.5.314.4236,localhost,66.108.91.50
6.5.314.4236,localhost,66.192.161.154
6.5.314.4236,localhost,66.193.77.98
6.5.314.4236,localhost,66.76.84.194
6.5.314.4236,localhost,67.142.235.252
6.5.314.4236,localhost,67.182.217.246
6.5.314.4236,localhost,68.231.131.127
6.5.314.4236,localhost,68.65.169.20
6.5.314.4236,localhost,68.8.8.67
6.5.314.4236,localhost,69.195.235.28
6.5.314.4236,localhost,70.196.11.198
6.5.314.4236,localhost,70.214.14.250
6.5.314.4236,localhost,70.214.16.17
6.5.314.4236,localhost,71.220.112.103
6.5.314.4236,localhost,71.97.77.75
6.5.314.4236,localhost,72.76.131.98
6.5.314.4236,localhost,73.164.3.110
6.5.314.4236,localhost,74.138.48.21
6.5.314.4236,localhost,75.132.17.14
6.5.314.4236,localhost,76.106.3.57
6.5.314.4236,localhost,76.26.146.186
6.5.314.4236,localhost,76.64.197.158
6.5.314.4236,localhost,8.18.2.254
6.5.314.4236,localhost,85.255.232.29
6.5.314.4236,localhost,88.128.80.229
6.5.314.4236,localhost,98.15.187.157
6.5.314.4236,localhost,98.210.220.173
6.5.314.4236,lvs1-siotan-01.paypalcorp.com,173.224.162.93
6.5.314.4236,lvs1-siotan-01.paypalcorp.com,216.113.160.67
6.5.314.4236,malware99.asuscomm.com,151.237.232.130
6.5.314.4236,malware99.asuscomm.com,151.237.232.132
6.5.314.4236,malware99.asuscomm.com,188.66.81.204
6.5.314.4236,malware99.asuscomm.com,213.205.251.188
6.5.314.4236,malware99.asuscomm.com,94.197.120.211
6.5.314.4236,manage.usaeast.pronetd.com,71.76.252.49
6.5.314.4236,mordor.earth.com,173.57.81.65
6.5.314.4236,ms1-65.home.local,100.40.36.109
6.5.314.4236,ms1-65.home.local,174.79.171.227
6.5.314.4236,ms1-65.home.local,64.134.222.216
6.5.314.4236,mtsdaymon02,198.176.80.34
6.5.314.4236,mtsdaymon02,64.132.187.98
6.5.314.4236,nfxcdcpm1.newfield.com,199.48.82.194
6.5.314.4236,nfxcdcpm1.newfield.com,50.58.18.66
6.5.314.4236,njvwcms01t.spectraeastnj.com,12.237.146.4
6.5.314.4236,np,162.253.182.7
6.5.314.4236,nsgvmappsvr15.rescs.caldoj.local,167.10.240.1
6.5.314.4236,nyt-tanium01-cj,206.210.27.33
6.5.314.4236,omalg.1dc.com:8443,204.194.143.29
6.5.314.4236,phlnn440v,216.203.5.248
6.5.314.4236,pndtsrv1.corp.pronetd.com,104.41.159.86
6.5.314.4236,pprdtanas300.corp.intuit.net,199.16.140.28
6.5.314.4236,procdi1.pronetd.net,66.192.161.154
6.5.314.4236,procdi1.pronetd.net:6443,71.76.252.49
6.5.314.4236,server,100.1.89.169
6.5.314.4236,seskwtanimpoc01.emea.astrazeneca.net,199.68.16.220
6.5.314.4236,stan001.gtdom.com,98.169.146.162
6.5.314.4236,stan062,98.169.146.162
6.5.314.4236,stan062.gtdom.com,98.169.146.162
6.5.314.4236,stlwtnmapprd01,164.144.248.27
6.5.314.4236,stlwtnmapprd01,164.144.252.28
6.5.314.4236,surprise,71.198.172.120
6.5.314.4236,svitanap10.allegiantair.com,8.28.119.195
6.5.314.4236,sw730tanda001.corpdev.visa.com,198.241.159.80
6.5.314.4236,tan-prd-app-1,104.129.192.106
6.5.314.4236,tan-prd-app-1,104.129.192.56
6.5.314.4236,tan-prd-app-1,104.129.192.59
6.5.314.4236,tan-prd-app-1,104.129.192.64
6.5.314.4236,tan-prd-app-1,104.129.192.65
6.5.314.4236,tan-prd-app-1,104.129.192.66
6.5.314.4236,tan-prd-app-1,76.21.1.42
6.5.314.4236,tan-prd-app-1.vmware.com,104.129.192.104
6.5.314.4236,tan.anntaylor.com,208.87.234.202
6.5.314.4236,tanium,162.253.182.2
6.5.314.4236,tanium,184.48.79.72
6.5.314.4236,tanium,68.231.131.127
6.5.314.4236,tanium,76.100.49.194
6.5.314.4236,tanium-server,65.78.139.216
6.5.314.4236,tanium-server.hammynet.local,192.0.219.110
6.5.314.4236,tanium-server.train.com,162.253.182.2
6.5.314.4236,tanium-server.train.com,184.48.79.211
6.5.314.4236,tanium-server.train.com,207.228.103.178
6.5.314.4236,tanium-server.train.com,67.182.217.246
6.5.314.4236,tanium-server.train.com,70.214.5.139
6.5.314.4236,tanium-svr,172.13.113.52
6.5.314.4236,tanium-svr,68.8.8.67
6.5.314.4236,tanium-svr.mckee.tanium.corp,172.13.113.52
6.5.314.4236,tanium-test,192.0.219.110
6.5.314.4236,tanium.am.idtcorp.net,206.20.201.221
6.5.314.4236,tanium.beyondtrust.com,72.37.248.39
6.5.314.4236,tanium.cyber.lab,132.146.196.238
6.5.314.4236,tanium.hireright.com,204.248.204.5
6.5.314.4236,tanium.hireright.com,8.18.2.254
6.5.314.4236,tanium.moranit.com,72.204.76.135
6.5.314.4236,tanium.navahome.com,173.8.117.193
6.5.314.4236,tanium.networkbaksa.com:446,24.55.131.69
6.5.314.4236,tanium01.cloud.ge.com,104.129.196.125
6.5.314.4236,tanium01.cloud.ge.com,104.129.196.80
6.5.314.4236,tanium01.cloud.ge.com,104.129.196.84
6.5.314.4236,tanium01.cloud.ge.com,199.168.151.106
6.5.314.4236,tanium1-htntx1.ssi.local,50.78.39.5
6.5.314.4236,tanium1.mieval5.local,101.110.58.146
6.5.314.4236,tanium1.mieval5.local,101.110.58.147
6.5.314.4236,tanium1.mieval5.local,101.110.58.148
6.5.314.4236,tanium1.mieval5.local,211.19.55.144
6.5.314.4236,tanium1.mieval5.local,221.186.88.32
6.5.314.4236,tanium2.shawn.local,162.253.182.2
6.5.314.4236,tanium2.shawn.local,174.29.211.175
6.5.314.4236,tanium2.shawn.local,75.171.153.117
6.5.314.4236,tanium2012v62.test.joelab.com,71.220.13.126
6.5.314.4236,tanium2012v65.test.joelab.com,71.220.112.103
6.5.314.4236,tanium2012v65.test.joelab.com,71.220.13.126
6.5.314.4236,tanium65,73.192.135.52
6.5.314.4236,taniumpoc,206.213.209.32
6.5.314.4236,taniumpoc.broadcom.com,216.31.211.11
6.5.314.4236,taniumserver,184.48.79.173
6.5.314.4236,taniumserver,59.167.188.211
6.5.314.4236,taniumserver,72.226.113.68
6.5.314.4236,taniumserver.tanium.local,172.56.14.90
6.5.314.4236,taniumserver.tanium.local,184.48.79.173
6.5.314.4236,taniumsrv.cloud.dev.phx3.gdg,216.69.191.97
6.5.314.4236,taniumsrv.cloud.dev.phx3.gdg,64.202.160.225
6.5.314.4236,taniumsv.macnica.local,221.186.88.32
6.5.314.4236,taniumvm01.msdev.ms.com,170.74.231.4
6.5.314.4236,taniumvm01.msdev.ms.com,170.74.231.5
6.5.314.4236,taniumvm01.msdev.ms.com,170.74.248.4
6.5.314.4236,taniumvm01.msdev.ms.com,170.74.248.5
6.5.314.4236,taniumvm01.msdev.ms.com,170.74.55.71
6.5.314.4236,taniumvm01.msdev.ms.com,170.74.56.83
6.5.314.4236,taniumvm01.msdev.ms.com,170.74.56.84
6.5.314.4236,taniumvm01.msdev.ms.com,199.89.103.17
6.5.314.4236,tank,173.11.90.206
6.5.314.4236,tanserv-65,70.197.2.75
6.5.314.4236,tanuscinappint1,104.129.196.125
6.5.314.4236,tanuscinappint1,104.129.196.84
6.5.314.4236,tanuscinappint1.cloud.ge.com,104.129.196.124
6.5.314.4236,tanuscinappint1.cloud.ge.com,104.129.196.125
6.5.314.4236,tanuscinappint1.cloud.ge.com,104.129.196.126
6.5.314.4236,tanuscinappint1.cloud.ge.com,104.129.196.80
6.5.314.4236,tanuscinappint1.cloud.ge.com,104.129.196.85
6.5.314.4236,tanuscinappint1.logon.ds.ge.com,104.129.196.76
6.5.314.4236,tatanium6501.ta.lab,76.218.221.22
6.5.314.4236,tbttsoim4d.hq.target.com,66.69.244.101
6.5.314.4236,tnm1-bld-bj3v,197.96.172.70
6.5.314.4236,traceserver,24.114.105.155
6.5.314.4236,traceserver,76.64.197.158
6.5.314.4236,ts1.test.taniumlab.vlan,172.73.22.142
6.5.314.4236,tserver,108.236.218.37
6.5.314.4236,tserver,162.253.182.2
6.5.314.4236,tsrv,76.100.116.208
6.5.314.4236,tst-patch,100.40.86.147
6.5.314.4236,tux-console,10.145.30.66,171.159.64.10
6.5.314.4236,tux-console,100.40.86.147
6.5.314.4236,tux-console,104.129.194.129
6.5.314.4236,tux-console,104.129.194.71
6.5.314.4236,tux-console,104.129.194.76
6.5.314.4236,tux-console,104.129.196.109
6.5.314.4236,tux-console,104.129.196.111
6.5.314.4236,tux-console,104.129.196.126
6.5.314.4236,tux-console,104.129.196.84
6.5.314.4236,tux-console,104.129.196.85
6.5.314.4236,tux-console,104.129.196.86
6.5.314.4236,tux-console,107.10.18.77
6.5.314.4236,tux-console,12.10.219.223
6.5.314.4236,tux-console,12.10.219.224
6.5.314.4236,tux-console,12.10.219.225
6.5.314.4236,tux-console,125.206.201.225
6.5.314.4236,tux-console,140.168.79.1
6.5.314.4236,tux-console,146.1.1.1
6.5.314.4236,tux-console,146.1.2.17
6.5.314.4236,tux-console,147.108.253.253
6.5.314.4236,tux-console,151.237.232.130
6.5.314.4236,tux-console,159.153.129.39
6.5.314.4236,tux-console,160.87.89.249
6.5.314.4236,tux-console,162.253.182.2
6.5.314.4236,tux-console,165.156.24.10
6.5.314.4236,tux-console,167.10.240.1
6.5.314.4236,tux-console,171.159.194.10
6.5.314.4236,tux-console,172.13.113.52
6.5.314.4236,tux-console,172.74.88.168
6.5.314.4236,tux-console,174.108.105.208
6.5.314.4236,tux-console,184.152.88.50
6.5.314.4236,tux-console,184.48.79.217
6.5.314.4236,tux-console,184.48.79.72
6.5.314.4236,tux-console,192.158.48.90
6.5.314.4236,tux-console,192.249.47.201
6.5.314.4236,tux-console,194.151.219.2
6.5.314.4236,tux-console,198.232.185.11
6.5.314.4236,tux-console,198.232.187.14
6.5.314.4236,tux-console,199.89.103.17
6.5.314.4236,tux-console,204.88.30.34
6.5.314.4236,tux-console,206.213.209.32
6.5.314.4236,tux-console,206.213.251.32
6.5.314.4236,tux-console,207.228.103.178
6.5.314.4236,tux-console,211.144.121.242
6.5.314.4236,tux-console,216.172.38.234
6.5.314.4236,tux-console,216.191.105.146
6.5.314.4236,tux-console,216.203.5.209
6.5.314.4236,tux-console,216.83.169.180
6.5.314.4236,tux-console,54.90.10.1
6.5.314.4236,tux-console,59.167.188.211
6.5.314.4236,tux-console,61.120.50.97
6.5.314.4236,tux-console,63.248.237.202
6.5.314.4236,tux-console,64.128.215.142
6.5.314.4236,tux-console,64.134.222.216
6.5.314.4236,tux-console,65.115.137.2
6.5.314.4236,tux-console,65.78.139.216
6.5.314.4236,tux-console,66.188.28.178
6.5.314.4236,tux-console,66.62.204.66
6.5.314.4236,tux-console,67.182.217.246
6.5.314.4236,tux-console,70.214.16.243
6.5.314.4236,tux-console,71.59.204.226
6.5.314.4236,tux-console,71.96.124.12
6.5.314.4236,tux-console,73.192.135.52
6.5.314.4236,tux-console,76.100.49.194
6.5.314.4236,tux-console,76.178.124.70
6.5.314.4236,tux-console,76.218.221.22
6.5.314.4236,tux-console,81.129.252.130
6.5.314.4236,tux-console,97.77.29.2
6.5.314.4236,tux-console,98.169.146.162
6.5.314.4236,us02isectant001,206.200.253.205
6.5.314.4236,usto-sec-tnm01,198.176.189.201
6.5.314.4236,w1cvap1170.1dc.com:8443,204.194.141.29
6.5.314.4236,w1cvap1170.1dc.com:8443,204.194.143.29
6.5.314.4236,w1cvap1170.1dc.com:8443,204.194.143.30
6.5.314.4236,w2k12-tanium.home.local,75.68.34.184
6.5.314.4236,w9tvap1059.giolab.local,204.194.141.29
6.5.314.4236,w9tvap1059.giolab.local,204.194.143.29
6.5.314.4236,wctze005eapd1.uscltgv.amrs.bankofamerica.com,10.145.30.66,171.159.64.10
6.5.314.4236,win-2012-65,66.108.91.50
6.5.314.4236,win-2012-65.irving.com,66.108.91.50
6.5.314.4236,win-i3vlko4hjb3,24.136.224.189
6.5.314.4236,win-oe6d9thspgn.fed-service.com,125.206.201.225
6.5.314.4236,win-oe6d9thspgn.fed-service.com,61.120.50.97
6.5.314.4236,win2012,66.76.84.194
6.5.314.4236,win2k12mac,71.198.110.201
6.5.314.4236,win7taniumsvr,38.103.193.254
6.5.314.4236,win7taniumsvr,73.6.96.24
6.5.314.4236,windows_server_2012_x64_w__active_direct-2012.cld.sr,67.182.217.246
6.5.314.4236,wintan.securonix.com,97.77.29.2
6.5.314.4236,wpv-ta1.corp.radioshack.net,108.171.132.165
6.5.314.4236,wvmttanap01.aeth.aetna.com,206.213.209.32
6.5.314.4236,wvmttanap01.aeth.aetna.com,206.213.251.32
6.5.314.4236,www.networkbaksa.com:446,100.36.55.211
6.5.314.4236,www.networkbaksa.com:446,73.213.244.85
6.5.314.4236,z12w214.masscash.net:8443,196.211.240.210
6.5.314.4236,z12w214.masscash.net:8443,196.214.169.178
6.5.314.4236,z12w214.masscash.net:8443,196.36.8.186
6.5.314.4240,10.0.2.50,209.194.239.171
6.5.314.4240,10.0.2.50,74.138.48.21
6.5.314.4240,108.236.218.37,108.236.218.37
6.5.314.4240,108.48.192.168,108.48.192.168
6.5.314.4240,162.205.24.121,162.205.24.121
6.5.314.4240,166.173.61.197,166.173.61.197
6.5.314.4240,166.177.122.90,166.177.122.90
6.5.314.4240,173.79.161.189,173.79.161.189
6.5.314.4240,209.194.239.171,162.205.24.121
6.5.314.4240,209.194.239.171,162.253.182.2
6.5.314.4240,209.194.239.171,209.194.239.171
6.5.314.4240,74.138.48.21,74.138.48.21
6.5.314.4240,75.132.17.14,75.132.17.14
6.5.314.4240,75.77.22.66,75.77.22.66
6.5.314.4240,98.169.146.162,98.169.146.162
6.5.314.4240,dctpts01,209.194.239.171
6.5.314.4240,fed01.tanium.com,108.48.192.168
6.5.314.4240,fed01.tanium.com,162.205.24.121
6.5.314.4240,fed01.tanium.com,172.56.38.23
6.5.314.4240,fed01.tanium.com,208.54.5.221
6.5.314.4240,fed01.tanium.com,216.9.110.12
6.5.314.4240,fed01.tanium.com,69.138.91.230
6.5.314.4240,fed01.tanium.com,70.208.129.157
6.5.314.4240,fed01.tanium.com,71.163.29.231
6.5.314.4240,fed01.tanium.com,73.181.48.81
6.5.314.4240,fed01.tanium.com,73.217.9.102
6.5.314.4240,fed01.tanium.com,74.138.48.21
6.5.314.4240,fed01.tanium.com,75.132.17.14
6.5.314.4240,localhost,209.194.239.171
6.5.314.4240,taniumstl.ddns.net,162.205.24.121
6.5.314.4240,tserver,108.236.218.37
6.5.314.4240,tserver.corp.contoso,108.236.218.37
6.5.314.4240,tux-console,108.236.218.37
6.5.314.4241,omicron.planex.net:8080,162.253.182.2
6.5.314.4248,69.138.91.230,69.138.91.230
6.5.314.4248,cnndcadtp001.nndc.kp.org,162.119.128.140
6.5.314.4248,cnndcadtp001.nndc.kp.org,162.119.232.109
6.5.314.4248,cnndcadtp002.nndc.kp.org,162.119.128.140
6.5.314.4248,index.html,69.138.91.230
6.5.314.4248,localhost,162.119.128.140
6.5.314.4251,172.16.59.141,70.214.10.160
6.5.314.4251,localhost,70.197.3.21
6.5.314.4254,162.253.182.2,162.253.182.2
6.5.314.4255,index.html,70.214.0.212
6.5.314.4255,win2k8-test.shawn.local,162.253.182.2
6.5.314.4256,108.194.226.100,108.194.226.100
6.5.314.4256,162.253.182.2,162.253.182.2
6.5.314.4256,172.16.52.128,76.26.146.186
6.5.314.4256,192.168.8.128,108.194.226.100
6.5.314.4256,71.211.197.199,71.211.197.199
6.5.314.4256,index.html,98.210.220.173
6.5.314.4256,localhost,66.108.91.50
6.5.314.4256,localhost,98.210.220.173
6.5.314.4256,tux-console,108.194.226.100
6.5.314.4256,win2012r2-1.shawn.local,162.253.182.2
6.5.314.4257,10.0.1.67,153.142.218.99
6.5.314.4257,10.0.1.87,153.142.218.99
6.5.314.4257,126.12.122.156,126.12.122.156
6.5.314.4257,153.142.218.99,153.142.218.99
6.5.314.4257,162.253.182.2,162.253.182.2
6.5.314.4257,172.16.173.10,64.128.215.142
6.5.314.4257,172.16.44.185,74.242.250.34
6.5.314.4257,172.16.51.10:444,173.95.178.117
6.5.314.4257,172.16.52.128,24.142.202.162
6.5.314.4257,172.16.52.128,76.26.146.186
6.5.314.4257,173.95.178.117,173.95.178.117
6.5.314.4257,24.154.33.35,24.154.33.35
6.5.314.4257,70.215.194.154,70.215.194.154
6.5.314.4257,70.215.195.12,70.215.195.12
6.5.314.4257,71.125.64.81,71.125.64.81
6.5.314.4257,71.220.13.126,71.220.13.126
6.5.314.4257,75.68.34.184,75.68.34.184
6.5.314.4257,96.89.163.1,96.89.163.1
6.5.314.4257,app.tanium.local,162.253.182.2
6.5.314.4257,app.tanium.local,216.3.171.26
6.5.314.4257,app.tanium.local,63.232.3.122
6.5.314.4257,app.tanium.local,63.248.237.202
6.5.314.4257,app.tanium.local,98.179.132.178
6.5.314.4257,index.html,104.35.99.240
6.5.314.4257,index.html,153.142.218.99
6.5.314.4257,index.html,162.253.182.2
6.5.314.4257,index.html,38.103.193.254
6.5.314.4257,index.html,70.209.207.105
6.5.314.4257,index.html,70.211.140.220
6.5.314.4257,index.html,71.125.64.81
6.5.314.4257,index.html,73.6.96.24
6.5.314.4257,localhost,216.3.171.26
6.5.314.4257,localhost,63.248.237.202
6.5.314.4257,localhost,73.181.48.81
6.5.314.4257,stan062,98.169.146.162
6.5.314.4257,stan062.gtdom.com,98.169.146.162
6.5.314.4257,tanium2.shawn.local,162.253.182.2
6.5.314.4257,tanium2.shawn.local,71.211.197.199
6.5.314.4257,tanium2.shawn.local,75.171.140.249
6.5.314.4257,tux-console,216.81.81.84
6.5.314.4257,tux-console,216.81.81.85
6.5.314.4257,tux-console,216.81.94.68
6.5.314.4257,tux-console,216.81.94.71
6.5.314.4257,tux-console,216.81.94.72
6.5.314.4257,tux-console,216.81.94.75
6.5.314.4257,tux-console,216.81.94.76
6.5.314.4257,tux-console,98.169.146.162
6.5.314.4257,w2k12-tanium.home.local,75.68.34.184
6.5.314.4257,win2012r2-1.shawn.local,162.253.182.2
6.5.314.4259,72.76.131.98,72.76.131.98
6.5.314.4259,ag-tanium-s01.agconsulting.local,72.76.131.98
6.5.314.4259,index.html,72.76.131.98
6.5.314.4263,66.108.81.2,66.108.81.2
6.5.314.4263,index.html,73.173.112.134
6.5.314.4264,75.171.140.249,75.171.140.249
6.5.314.4264,win2012r2-1.shawn.local,75.171.140.249
6.5.314.4265,75.171.140.249,75.171.140.249
6.5.314.4265,98.210.86.190,98.210.86.190
6.5.314.4265,win2012r2-1.shawn.local,75.171.140.249
6.5.314.4265,win2012r2-1.shawn.local,75.171.153.117
6.5.314.4266,10.0.2.7,162.205.24.121
6.5.314.4266,162.205.24.121,162.205.24.121
6.5.314.4267,173.95.178.117,173.95.178.117
6.5.314.4267,192.168.253.100,98.26.61.87
6.5.314.4267,71.220.13.126,71.220.13.126
6.5.314.4267,index.html,98.210.220.173
6.5.314.4267,localhost,162.253.182.2
6.5.314.4267,localhost,98.210.220.173
